BubbleSort,InsertionSort,ShellSort,SelectionSort,QuickSortH,QuickSortR,MergeSort
2.2599999999983744e-05,8.299999999961116e-06,1.1499999999997623e-05,1.2599999999973743e-05,1.940000000000275e-05,0.011420700000000006,5.4200000000004245e-05
